1,https://www.happyon.jp/
1,https://www.netflix.com/jp/
1,https://www.amazon.co.jp/Amazon-Video/b/ref=sv_atv_logo?node=2351649051&ie=UTF8
2,https://www.netflix.com/jp/
3,https://www.netflix.com/jp/
3,https://video.unext.jp/
4,https://video.unext.jp/
4,https://www.amazon.co.jp/Amazon-Video/b/ref=sv_atv_logo?node=2351649051&ie=UTF8
5,https://www.amazon.co.jp/Amazon-Video/b/ref=sv_atv_logo?node=2351649051&ie=UTF8
5,https://video.unext.jp/
6,https://www.amazon.co.jp/Amazon-Video/b/ref=sv_atv_logo?node=2351649051&ie=UTF8
6,https://video.unext.jp/
1,https://www.amazon.co.jp/Amazon-Video/b/ref=sv_atv_logo?node=2351649051&ie=UTF8
7,https://www.happyon.jp/
8,https://www.happyon.jp/
8,https://www.b-ch.com/
9,https://www.b-ch.com/
9,https://www.happyon.jp/
10,https://www.happyon.jp/
10,https://www.b-ch.com/
11,https://www.b-ch.com/
11,https://dch.dmkt-sp.jp/
12,https://dch.dmkt-sp.jp/
12,https://www.netflix.com/jp/
13,https://www.netflix.com/jp/
13,https://anime.dmkt-sp.jp/animestore/tp_pc
14,https://anime.dmkt-sp.jp/animestore/tp_pc
14,https://dch.dmkt-sp.jp/
15,https://dch.dmkt-sp.jp/
15,https://www.netflix.com/jp/
16,https://www.netflix.com/jp/
16,https://anime.dmkt-sp.jp/animestore/tp_pc
17,https://anime.dmkt-sp.jp/animestore/tp_pc
17,https://video.unext.jp/
18,https://video.unext.jp/
18,https://anime.dmkt-sp.jp/animestore/tp_pc
19,https://anime.dmkt-sp.jp/animestore/tp_pc
19,https://video.unext.jp/
20,https://anime.dmkt-sp.jp/animestore/tp_pc
20,https://www.netflix.com/jp/
20,https://video.unext.jp/
21,https://video.unext.jp/
22,https://video.unext.jp/
22,https://www.happyon.jp/
